type,value,family,source,first_seen
filename,Megazord,Akira,CISA AA24-109A,2024-04-08
filename,Veeam-Get-Creds.ps1,Akira,CISA AA24-109A,2023-07-05
filename,VeeamHax.exe,Akira,CISA AA24-109A,2024-04-18
filename,Akira_v2,Akira,CISA AA24-109A,2024-04-08
filename,Ladon.exe,Akira,CISA AA24-109A,2024-10-28
filename,w.exe,Akira,CISA AA24-109A,2024-04-18
filename,Win.exe,Akira,CISA AA24-109A,2024-04-18
md5,3d55ec08f082e2f149216c6cd60e0fdf,Akira,CISA AA24-109A,2024-04-23
md5,de8f808ba308e34097afa5c3136a0640,Akira,CISA AA24-109A,2023-10-12
md5,a18d79e94229fdf02ef091cf974ed546,Akira,CISA AA24-109A,2024-04-08
md5,0f7b6bb3a239cf7a668a8625e6332639,Akira,CISA AA24-109A,2023-07-05
md5,603d91d52be2d92e2d67866d06272fb0,Akira,CISA AA24-109A,2024-04-23
md5,8ea891a3b4049aa059f9bce52574be5c,Akira,CISA AA24-109A,2024-04-18
md5,24e19d29a47b6b5e1a39bf5e4c313194,Akira,CISA AA24-109A,2025-09-25
md5,17c624693f5dd575485ec4286b0ba786,Akira,CISA AA24-109A,2025-09-25
md5,2fed7579556f01161bb1fdfd1c3e9e6c,Akira,CISA AA24-109A,2025-09-25
md5,eefcd1ab5b3638c870730e459d3545ed,Akira,CISA AA24-109A,2024-04-08
md5,7e4de8af0f2eb3686ab73212edba48f7,Akira,CISA AA24-109A,2024-04-23
md5,2acf0461cb310ad4109cce68e4c07afe,Akira,CISA AA24-109A,2024-04-23
md5,74d5d4e9a556a6170f19893e7ffdeffa,Akira,CISA AA24-109A,2023-10-12
md5,7d827558e7841cc2887fc99537c1c97e,Akira,CISA AA24-109A,2024-04-08
md5,64f8e1b825887afe3130af4bf4611c21,Akira,CISA AA24-109A,2024-04-08
md5,814310fb7a59f23e3e137ee6fee04fa1,Akira,CISA AA24-109A,2025-09-25
md5,9f801240af1124b66defcd4b4ae63f2a,Akira,CISA AA24-109A,2024-04-08
md5,a94a0bc0ff90b0466c36326598714fa4,Akira,CISA AA24-109A,2024-04-23
md5,9df999f142f137b0794b8afcaaedc588,Akira,CISA AA24-109A,2023-09-05
md5,fd380db23531bb7bb610a7b32fc2a6d5,Akira,CISA AA24-109A,2024-04-08
md5,6b7bba769db3701e13214cb70ca5a54d,Akira,CISA AA24-109A,2024-10-28
md5,d24cd19a50e6d574a0cfdfc07c6d22bb,Akira,CISA AA24-109A,2024-04-23
md5,3f63951399f8cd578e2a6faed2c9c0f0,Akira,CISA AA24-109A,2024-04-08
md5,9ce8e06f1de868e553758b242b82a1c4,Akira,CISA AA24-109A,2024-04-23
md5,efd6896140a769c2f7142cefbd68fc3d,Akira,CISA AA24-109A,2024-04-23
md5,57d1aeb41d9cfea4d6899724bc4b09a5,Akira,CISA AA24-109A,2025-09-25
md5,cf1951f7084a180094c7092c7bb54998,Akira,CISA AA24-109A,2024-04-23
md5,ef29dc7b8f5a7b05706215f0f71f7995,Akira,CISA AA24-109A,2024-04-23
md5,3d18a75d8baa6693b471d0fa85a62c39,Akira,CISA AA24-109A,2024-04-23
md5,2940779f88cf063ca5dcf861ec7bf325,Akira,CISA AA24-109A,2024-04-23
md5,e5cf95b6bd04b89447e6c4ed71105a1c,Akira,CISA AA24-109A,2024-04-08
md5,c56b31c9080b993d57c100b91d096c33,Akira,CISA AA24-109A,2025-09-25
md5,33a406d761bba10d201bdbf87d42953b,Akira,CISA AA24-109A,2024-04-23
md5,4edc0efe1fd24f4f9ea234b83fcaeb6a,Akira,CISA AA24-109A,2024-04-08
sha1,525d1d0cc5eb6ceec9c16ee76d316db3feb849a6,Akira,CISA AA24-109A,2024-04-23
sha1,5961a99181df157b81d35a50eeb27f96577a2fa2,Akira,CISA AA24-109A,2023-10-12
sha1,73ee462cb96f4857f9f5bbdc4cada5800f2b8932,Akira,CISA AA24-109A,2024-04-08
sha1,5263a135f09185aa44f6b73d2f8160f56779706d,Akira,CISA AA24-109A,2023-07-05
sha1,9d0c956524c0d93a1b215ae37753f05bc18bb343,Akira,CISA AA24-109A,2024-04-23
sha1,57e46697761aa19423765497e9e6a8abbd3f94a9,Akira,CISA AA24-109A,2024-04-18
sha1,efb651a5c755a9a5a96b08ddda736efd0bc03315,Akira,CISA AA24-109A,2024-04-08
sha1,5bf2adc96db955268326fb5c58796ccfacd3c673,Akira,CISA AA24-109A,2024-04-23
sha1,72078bb1fba164e99308763c05d273fa24549c4f,Akira,CISA AA24-109A,2024-04-23
sha1,f8425e27fb5340b4d50bdee1800dcc428a7d388f,Akira,CISA AA24-109A,2023-10-12
sha1,94ed0a9c9c9fe568dc814218edeb17b951fc78a8,Akira,CISA AA24-109A,2024-04-08
sha1,09f85d9c0de66c8f807bd1e12f55617e3fed3bf8,Akira,CISA AA24-109A,2024-04-08
sha1,1ff0c089c5a3b93e95c337e7644119c7bd7133c6,Akira,CISA AA24-109A,2024-04-08
sha1,9f4f702b7a1d9df0fbc93570aa2046316dfeaae4,Akira,CISA AA24-109A,2024-04-23
sha1,a420fbd6cb9d10db807251564c1c9e1718c6fbc5,Akira,CISA AA24-109A,2023-09-05
sha1,a129c2cff13f7672e27f4c43608da2293e1b5bb7,Akira,CISA AA24-109A,2024-04-08
sha1,669cb358392a71dd68f684c0ba68df2106e6db36,Akira,CISA AA24-109A,2024-10-28
sha1,4f43f7a18761312f7e71c2fbdef2cae39c55cf56,Akira,CISA AA24-109A,2024-04-23
sha1,b8c1772dd0ad018cf3ed4c67eabd16c5c4e751cd,Akira,CISA AA24-109A,2024-04-08
sha1,fa4f010ffa3a8e970cc4f47e86ff13dbb50c9fec,Akira,CISA AA24-109A,2024-04-23
sha1,5d868fefb0cb93a2fe79d97d95abf1474cfb4456,Akira,CISA AA24-109A,2024-04-23
sha1,33339e5c0523123343e211e3b73ca89360d10621,Akira,CISA AA24-109A,2024-04-23
sha1,ef328f68c6d865ba4ef4223b5d8ee9efb5667420,Akira,CISA AA24-109A,2025-09-25
sha1,7866d3df2c8a14c3c09089d874ce3d80d76fffda,Akira,CISA AA24-109A,2024-04-23
sha1,08cf869a19c76ca718ba80ef73636e7bc38218b8,Akira,CISA AA24-109A,2025-09-25
sha1,2347cba8679297a3547aa0e250f48690cb18cbc5,Akira,CISA AA24-109A,2024-04-23
sha1,de858b475bf1b0c16bbc0ab15b21690f739344cd,Akira,CISA AA24-109A,2024-04-23
sha1,d640d5e632d260ac5a9e26df1bdb9b337f32cbbc,Akira,CISA AA24-109A,2024-04-08
sha1,d5efaa22a74aab87d17f8666686b554e41fb389a,Akira,CISA AA24-109A,2025-09-25
sha1,ca5f0ef0cdf6b6599c4da650a20a6064117ba3a6,Akira,CISA AA24-109A,2024-04-23
sha1,02bb630faf77a91c7de6b031b54de4467ab9da6f,Akira,CISA AA24-109A,2024-04-08
sha256,c0f706ff43936c1bb19db4f39b11129c3fc8ddafbd159852475ef99a246b2f79,Akira,CISA AA24-109A,2025-09-25
sha256,40221e1c2e0c09bc6104548ee847b6ec790413d6ece06ad675fff87e5b8dc1d5,Akira,CISA AA24-109A,2024-04-23
sha256,cfa209d56e296c40b32815270060e539963d68cda3285c5f393c97eb3c960d37,Akira,CISA AA24-109A,2025-09-25
sha256,4cb8365b18b1c319d374be0b9d219144c20fb8714e9cf346e655f854d2c60170,Akira,CISA AA24-109A,2023-10-12
sha256,7f731cc11f8e4d249142e99a44b9da7a48505ce32c4ee4881041beeddb3760be,Akira,CISA AA24-109A,2024-04-08
sha256,18051333e658c4816ff3576a2e9d97fe2a1196ac0ea5ed9ba386c46defafdb88,Akira,CISA AA24-109A,2023-07-05
sha256,ffd9f58e5fe8502249c67cad0123ceeeaa6e9f69b4ec9f9e21511809849eb8fc,Akira,CISA AA24-109A,2024-04-08
sha256,aaa6041912a6ba3cf167ecdb90a434a62feaf08639c59705847706b9f492015d,Akira,CISA AA24-109A,2024-04-18
sha256,0d700ca5f6cc093de4abba9410480ee7a8870d5e8fe86c9ce103eec3872f225f,Akira,CISA AA24-109A,2024-04-23
sha256,4dc9f9684f715f50946e85557b82af80fcb45576efad47eee1bf054c15e570f0,Akira,CISA AA24-109A,2025-09-25
sha256,5e1e3bf6999126ae4aa52146280fdb913912632e8bac4f54e98c58821a307d32,Akira,CISA AA24-109A,2024-04-18
sha256,7266e2afb5c70788c018d684698b0940eded4cb863f2b33f4edd31b59d1eab1d,Akira,CISA AA24-109A,2025-09-25
sha256,3298d203c2acb68c474e5fdad8379181890b4403d6491c523c13730129be3f75,Akira,CISA AA24-109A,2024-04-08
sha256,0b5b31af5956158bfbd14f6cbf4f1bca23c5d16a40dbf3758f3289146c565f43,Akira,CISA AA24-109A,2024-04-23
sha256,74f497088b49b745e6377b32ed5d9dfaef3c84c7c0bb50fabf30363ad2e0bfb1,Akira,CISA AA24-109A,2024-04-23
sha256,0c0e0f9b09b80d87ebc88e2870907b6cacb4cd7703584baf8f2be1fd9438696d,Akira,CISA AA24-109A,2023-10-12
sha256,0ee1d284ed663073872012c7bde7fac5ca1121403f1a5d2d5411317df282796c,Akira,CISA AA24-109A,2024-04-08
sha256,2f629395fdfa11e713ea8bf11d40f6f240acf2f5fcf9a2ac50b6f7fbc7521c83,Akira,CISA AA24-109A,2024-04-08
sha256,95477703e789e6182096a09bc98853e0a70b680a4f19fa2bf86cbb9280e8ec5a,Akira,CISA AA24-109A,2024-04-08
sha256,6f9d50bab16b2532f4683eeb76bd25449d83bdd6c85bf0b05f716a4b49584f84,Akira,CISA AA24-109A,2024-04-23
sha256,3a25d3f82651567e5760e48ad06c9f6caab4f9fdc071e98919163b3a71e67168,Akira,CISA AA24-109A,2025-09-25
sha256,c9c94ac5e1991a7db42c7973e328fceeb6f163d9f644031bdfd4123c7b3898b0,Akira,CISA AA24-109A,2023-09-05
sha256,8e12c8eb39cec9a414b56a36acbcc1a5b31dc96a38bc668138a00f94f7c26ea5,Akira,CISA AA24-109A,2025-09-25
sha256,dfe6fddc67bdc93b9947430b966da2877fda094edf3e21e6f0ba98a84bc53198,Akira,CISA AA24-109A,2024-04-08
sha256,cf3465d7e49b609defa1e2b6cfcc86ffa30c72246cb2744dbf50736c5f3d74d5,Akira,CISA AA24-109A,2025-09-25
sha256,58359209e215a9fc0dafd14039121398559790dba9aa2398c457348ee1cb8a4d,Akira,CISA AA24-109A,2024-10-28
sha256,58afef43cec0ee7a2fbfd9cdd5b71f55f971672d5e523a400b82b98c752ca5b7,Akira,CISA AA24-109A,2025-06-08
sha256,643061ac0b51f8c77f2ed202dc91afb9879f796ddd974489209d45f84f644562,Akira,CISA AA24-109A,2024-04-23
sha256,9f393516edf6b8e011df6ee991758480c5b99a0efbfd68347786061f0e04426c,Akira,CISA AA24-109A,2024-04-08
sha256,5ea65e2bb9d245913ad69ce90e3bd9647eb16d992301145372565486c77568a2,Akira,CISA AA24-109A,2024-04-23
sha256,fef09b0aa37cbdb6a8f60a6bd8b473a7e5bffdc7fd2e952444f781574abccf64,Akira,CISA AA24-109A,2024-04-23
sha256,3d2b58ef6df743ce58669d7387ff94740ceb0122c4fc1c4ffd81af00e72e60a4,Akira,CISA AA24-109A,2024-04-23
sha256,bfd5fc6cd3dea74738ac7025fa14ea844f400708df2293572796568f65bd6b61,Akira,CISA AA24-109A,2025-09-25
sha256,e1321a4b2b104f31aceaf4b19c5559e40ba35b73a754d3ae13d8e90c53146c0f,Akira,CISA AA24-109A,2024-04-23
sha256,77d48e8c13ce066b197905cc8fc69969af69b74d25f5e95dcd1302ada2e7ccec,Akira,CISA AA24-109A,2025-09-25
sha256,a2df5477cf924bd41241a3326060cc2f913aff2379858b148ddec455e4da67bc,Akira,CISA AA24-109A,2024-04-23
sha256,d2fd0654710c27dcf37b6c1437880020824e161dd0bf28e3a133ed777242a0ca,Akira,CISA AA24-109A,2024-04-18
sha256,dcfa2800754e5722acf94987bb03e814edcb9acebda37df6da1987bf48e5b05e,Akira,CISA AA24-109A,2024-04-18
sha256,2e88e55cc8ee364bf90e7a51671366efb3dac3e9468005b044164ba0f1624422,Akira,CISA AA24-109A,2024-04-23
sha256,9585af44c3ff8fd921c713680b0c2b3bbc9d56add848ed62164f7c9b9f23d065,Akira,CISA AA24-109A,2024-04-08
sha256,03aa12ac2884251aa24bf0ccd854047de403591a8537e6aba19e822807e06a45,Akira,CISA AA24-109A,2024-04-23
sha256,131da83b521f610819141d5c740313ce46578374abb22ef504a7593955a65f07,Akira,CISA AA24-109A,2024-04-08
domain,connectzoomdownload.com,Clop,CISA AA23-158A,2023-06-16
domain,guerdofest.com,Clop,CISA AA23-158A,2023-06-16
domain,zoom.voyage,Clop,CISA AA23-158A,2023-06-16
domain,qweastradoc.com,Clop,CISA AA23-158A,2023-06-16
domain,jirostrogud.com,Clop,CISA AA23-158A,2023-06-16
domain,hiperfdhaus.com,Clop,CISA AA23-158A,2023-06-16
filename,app_web_xlji1wtn.dll,Clop,CISA AA23-158A,2023-06-16
filename,app_web_c1tp5zym.dll,Clop,CISA AA23-158A,2023-06-16
filename,human2.aspx,Clop,CISA AA23-158A,2023-06-16
filename,h2.aspx,Clop,CISA AA23-158A,2023-06-16
filename,upload.txt,Clop,CISA AA23-158A,2023-06-16
filename,UNAVAILABLE,Clop,CISA AA23-158A,2023-06-16
filename,donotuse_human2.aspx,Clop,CISA AA23-158A,2023-06-16
filename,%temp%7zipsfx.000zoom.exe,Clop,CISA AA23-158A,2023-06-16
filename,c:usersuserappdatalocaltemp7zipsfx.000anetdiag.dll,Clop,CISA AA23-158A,2023-06-16
filename,7zsfxmod_x86.exe,Clop,CISA AA23-158A,2023-06-16
filename,larabqfa.exe,Clop,CISA AA23-158A,2023-06-16
filename,dnsjujahur.exe,Clop,CISA AA23-158A,2023-06-16
filename,uhfdkuswkfkeduui.exe,Clop,CISA AA23-158A,2023-06-16
filename,c042ad2947caf4449295a51f9d640d722b5a6ec6957523ebf68cddb87ef3545c,Clop,CISA AA23-158A,2023-06-16
md5,2387be2afe2250c20d4e7a8c185be8d9,Clop,CISA AA23-158A,2023-06-16
md5,2cb7915a13d147e9af2ba5959958c31a,Clop,CISA AA23-158A,2023-06-16
md5,250454dc24258b5825ac36f042d9cb71,Clop,CISA AA23-158A,2023-06-16
md5,f05a4095650daa1f9b7f72b8ded21a49,Clop,CISA AA23-158A,2023-06-16
md5,3a0342417e8588ef7738352341e25830,Clop,CISA AA23-158A,2023-06-16
md5,83500e433a0d63b993b91a94d9d45bcd,Clop,CISA AA23-158A,2023-06-16
md5,7d7349e51a9bdcdd8b5daeeefe6772b5,Clop,CISA AA23-158A,2023-06-16
md5,ddd95f1c76a1d50b997b2e64274f386a,Clop,CISA AA23-158A,2023-06-16
md5,9f3c306dabc3f349b343251f4443412c,Clop,CISA AA23-158A,2023-06-16
md5,b69e23cd45c8ac71652737ef44e15a34,Clop,CISA AA23-158A,2023-06-16
md5,96d467fd9663cf2e5572f8529e54f13e,Clop,CISA AA23-158A,2023-06-16
md5,eea4d43f9e3700ebcd61405776eb249a,Clop,CISA AA23-158A,2023-06-16
md5,d71a6b5ae3d89dc33cbbb6877e493d52,Clop,CISA AA23-158A,2023-06-16
md5,44d8e68c7c4e04ed3adacb5a88450552,Clop,CISA AA23-158A,2023-06-16
md5,00c6bce35c40ce1601aa06c4e808c0f1,Clop,CISA AA23-158A,2023-06-16
md5,04b474e8db353d368e2d791ba5dee6d6,Clop,CISA AA23-158A,2023-06-16
md5,fbba113d1d121220fa43f90b3a20870a,Clop,CISA AA23-158A,2023-06-16
md5,317552cac7035e35f7bdfc2162dfd29c,Clop,CISA AA23-158A,2023-06-16
md5,8d88e451e39506ae258f3aa99da8db9a,Clop,CISA AA23-158A,2023-06-16
md5,c2db1091eb7bac28461877f736d86d83,Clop,CISA AA23-158A,2023-06-16
md5,538d6e172d18d4cebeac211873779ba5,Clop,CISA AA23-158A,2023-06-16
md5,45685c190c91ebe0966e8a0aeca31280,Clop,CISA AA23-158A,2023-06-16
md5,b52e56bfc03878cc5cb9eae9d3896808,Clop,CISA AA23-158A,2023-06-16
md5,af136505d384c9a89635b365e55b7fa3,Clop,CISA AA23-158A,2023-06-16
md5,b1bdad086567efd202babf56eac17e1d,Clop,CISA AA23-158A,2023-06-16
md5,bf7c1dd613101c0a95027249a5fcb759,Clop,CISA AA23-158A,2023-06-16
md5,11eadcf3f1bc9b0ed6994c3ede299ce8,Clop,CISA AA23-158A,2023-06-16
md5,7d5e5537c5346d764f067f66cca426ba,Clop,CISA AA23-158A,2023-06-16
md5,359a1141a79480555aa996fd6d9e4af1,Clop,CISA AA23-158A,2023-06-16
md5,67fca3e84490dfdddf72e9ba558b589a,Clop,CISA AA23-158A,2023-06-16
md5,a85299f78ab5dd05e7f0f11ecea165ea,Clop,CISA AA23-158A,2023-06-16
md5,e9a5f0c7656329ced63d4c8742da51b4,Clop,CISA AA23-158A,2023-06-16
md5,911230b5dca1c43f6d22e65c66b0f6b1,Clop,CISA AA23-158A,2023-06-16
md5,8cd6c75e6160b90de2a52c967b3d4846,Clop,CISA AA23-158A,2023-06-16
md5,dfa8ec974dddf5bcc888549e60d6530f,Clop,CISA AA23-158A,2023-06-16
md5,e9b3ba7b4f37fe4a9804136801abb8b0,Clop,CISA AA23-158A,2023-06-16
md5,65fb9572171b903aa31a325f550d8778,Clop,CISA AA23-158A,2023-06-16
md5,ee1ccb6a0e38bf95e44b73c3c46268c5,Clop,CISA AA23-158A,2023-06-16
md5,dbecfe9d5421d319534e0bfa5a6ac162,Clop,CISA AA23-158A,2023-06-16
md5,b7fed593e8eb3646f876367b56725e6c,Clop,CISA AA23-158A,2023-06-16
md5,82d4025b84cf569ec82d21918d641540,Clop,CISA AA23-158A,2023-06-16
sha256,f2f08e4f108aaffaadc3d11bad24abdd625a77e0ee9674c4541b562c78415765,Clop,CISA AA23-158A,2023-06-16
sha256,eb9f5cbe71f9658d38fb4a7aa101ad40534c4c93ee73ef5f6886d89159b0e2c2,Clop,CISA AA23-158A,2023-06-16
sha256,a8569c78af187d603eecdc5faec860458919349eef51091893b705f466340ecd,Clop,CISA AA23-158A,2023-06-16
sha256,367fa8b3bafd99cb0fa5efc23ffb91d0daef6e33be1378ee1eb525ff9ddd9095,Clop,CISA AA23-158A,2023-06-16
sha256,ed0c3e75b7ac2587a5892ca951707b4e0dd9c8b18aaf8590c24720d73aa6b90c,Clop,CISA AA23-158A,2023-06-16
sha256,cec425b3383890b63f5022054c396f6d510fae436041add935cd6ce42033f621,Clop,CISA AA23-158A,2023-06-16
sha256,b5ef11d04604c9145e4fe1bedaeb52f2c2345703d52115a5bf11ea56d7fb6b03,Clop,CISA AA23-158A,2023-06-16
sha256,a8f6c1ccba662a908ef7b0cb3cc59c2d1c9e2cbbe1866937da81c4c616e68986,Clop,CISA AA23-158A,2023-06-16
sha256,98a30c7251cf622bd4abce92ab527c3f233b817a57519c2dd2bf8e3d3ccb7db8,Clop,CISA AA23-158A,2023-06-16
sha256,7c39499dd3b0b283b242f7b7996205a9b3cf8bd5c943ef6766992204d46ec5f1,Clop,CISA AA23-158A,2023-06-16
sha256,769f77aace5eed4717c7d3142989b53bd5bac9297a6e11b2c588c3989b397e6b,Clop,CISA AA23-158A,2023-06-16
sha256,58ccfb603cdc4d305fddd52b84ad3f58ff554f1af4d7ef164007cb8438976166,Clop,CISA AA23-158A,2023-06-16
sha256,2ccf7e42afd3f6bf845865c74b2e01e2046e541bb633d037b05bd1cdb296fa59,Clop,CISA AA23-158A,2023-06-16
sha256,1826268249e1ea58275328102a5a8d158d36b4fd312009e4a2526f0bfbc30de2,Clop,CISA AA23-158A,2023-06-16
sha256,110e301d3b5019177728010202c8096824829c0b11bb0dc0bff55547ead18286,Clop,CISA AA23-158A,2023-06-16
sha256,0b3220b11698b1436d1d866ac07cc90018e59884e91a8cb71ef8924309f1e0e9,Clop,CISA AA23-158A,2023-06-16
sha256,bdd4fa8e97e5e6eaaac8d6178f1cf4c324b9c59fc276fd6b368e811b327ccf8b,Clop,CISA AA23-158A,2023-06-16
sha256,3c0dbda8a5500367c22ca224919bfc87d725d890756222c8066933286f26494c,Clop,CISA AA23-158A,2023-06-16
sha256,93137272f3654d56b9ce63bec2e40dd816c82fb6bad9985bed477f17999a47db,Clop,CISA AA23-158A,2023-06-16
sha256,c58c2c2ea608c83fad9326055a8271d47d8246dc9cb401e420c0971c67e19cbf,Clop,CISA AA23-158A,2023-06-16
sha256,a1269294254e958e0e58fc0fe887ebbc4201d5c266557f09c3f37542bd6d53d7,Clop,CISA AA23-158A,2023-06-16
sha256,f0d85b65b9f6942c75271209138ab24a73da29a06bc6cc4faeddcb825058c09d,Clop,CISA AA23-158A,2023-06-16
sha256,cf23ea0d63b4c4c348865cefd70c35727ea8c82ba86d56635e488d816e60ea45,Clop,CISA AA23-158A,2023-06-16
sha256,5b566de1aa4b2f79f579cdac6283b33e98fdc8c1cfa6211a787f8156848d67ff,Clop,CISA AA23-158A,2023-06-16
sha256,d477ec94e522b8d741f46b2c00291da05c72d21c359244ccb1c211c12b635899,Clop,CISA AA23-158A,2023-06-16
sha256,b9a0baf82feb08e42fa6ca53e9ec379e79fbe8362a7dac6150eb39c2d33d94ad,Clop,CISA AA23-158A,2023-06-16
sha256,387cee566aedbafa8c114ed1c6b98d8b9b65e9f178cf2f6ae2f5ac441082747a,Clop,CISA AA23-158A,2023-06-16
sha256,38e69f4a6d2e81f28ed2dc6df0daf31e73ea365bd2cfc90ebc31441404cca264,Clop,CISA AA23-158A,2023-06-16
sha256,3a977446ed70b02864ef8cfa3135d8b134c93ef868a4cc0aa5d3c2a74545725b,Clop,CISA AA23-158A,2023-06-16
sha256,3ab73ea9aebf271e5f3ed701286701d0be688bf7ad4fb276cb4fbe35c8af8409,Clop,CISA AA23-158A,2023-06-16
sha256,c77438e8657518221613fbce451c664a75f05beea2184a3ae67f30ea71d34f37,Clop,CISA AA23-158A,2023-06-16
sha256,0ea05169d111415903a1098110c34cdbbd390c23016cd4e179dd9ef507104495,Clop,CISA AA23-158A,2023-06-16
sha256,348e435196dd795e1ec31169bd111c7ec964e5a6ab525a562b17f10de0ab031d,Clop,CISA AA23-158A,2023-06-16
sha256,daaa102d82550f97642887514093c98ccd51735e025995c2cc14718330a856f4,Clop,CISA AA23-158A,2023-06-16
sha256,4359aead416b1b2df8ad9e53c497806403a2253b7e13c03317fc08ad3b0b95bf,Clop,CISA AA23-158A,2023-06-16
sha256,ea433739fb708f5d25c937925e499c8d2228bf245653ee89a6f3d26a5fd00b7a,Clop,CISA AA23-158A,2023-06-16
sha256,e8012a15b6f6b404a33f293205b602ece486d01337b8b3ec331cd99ccadb562e,Clop,CISA AA23-158A,2023-06-16
sha256,9e89d9f045664996067a05610ea2b0ad4f7f502f73d84321fb07861348fdc24a,Clop,CISA AA23-158A,2023-06-16
sha256,2413b5d0750c23b07999ec33a5b4930be224b661aaf290a0118db803f31acbc5,Clop,CISA AA23-158A,2023-06-16
sha256,b1c299a9fe6076f370178de7b808f36135df16c4e438ef6453a39565ff2ec272,Clop,CISA AA23-158A,2023-06-16
sha256,9d1723777de67bc7e11678db800d2a32de3bcd6c40a629cd165e3f7bbace8ead,Clop,CISA AA23-158A,2023-06-16
sha256,702421bcee1785d93271d311f0203da34cc936317e299575b06503945a6ea1e0,Clop,CISA AA23-158A,2023-06-16
sha256,6015fed13c5510bbb89b0a5302c8b95a5b811982ff6de9930725c4630ec4011d,Clop,CISA AA23-158A,2023-06-16
sha256,fe5f8388ccea7c548d587d1e2843921c038a9f4ddad3cb03f3aa8a45c29c6a2f,Clop,CISA AA23-158A,2023-06-16
sha256,48367d94ccb4411f15d7ef9c455c92125f3ad812f2363c4d2e949ce1b615429a,Clop,CISA AA23-158A,2023-06-16
sha256,d49cf23d83b2743c573ba383bf6f3c28da41ac5f745cde41ef8cd1344528c195,Clop,CISA AA23-158A,2023-06-16
sha256,c56bcb513248885673645ff1df44d3661a75cfacdce485535da898aa9ba320d4,Clop,CISA AA23-158A,2023-06-16
sha256,1285aa7e6ee729be808c46c069e30a9ee9ce34287151076ba81a0bea0508ff7e,Clop,CISA AA23-158A,2023-06-16
sha256,2c8d58f439c708c28ac4ad4a0e9f93046cf076fc6e5ab1088e8943c0909acbc4,Clop,CISA AA23-158A,2023-06-16
sha256,d5bbcaa0c3eeea17f12a5cc3dbcaffff423d00562acb694561841bcfe984a3b7,Clop,CISA AA23-158A,2023-06-16
sha256,0e3a14638456f4451fe8d76fdc04e591fba942c2f16da31857ca66293a58a4c3,Clop,CISA AA23-158A,2023-06-16
sha256,c9b874d54c18e895face055eeb6faa2da7965a336d70303d0bd6047bec27a29d,Clop,CISA AA23-158A,2023-06-16
sha256,ff8c8c8bfba5f2ba2f8003255949678df209dbff95e16f2f3c338cfa0fd1b885,Clop,CISA AA23-158A,2023-06-16
sha256,c042ad2947caf4449295a51f9d640d722b5a6ec6957523ebf68cddb87ef3545c,Clop,CISA AA23-158A,2023-06-16
url,http://zoom.voyage/download/Zoom.exe,Clop,CISA AA23-158A,2023-06-16
url,https://connectzoomdownload.com/download/ZoomInstaller.exe,Clop,CISA AA23-158A,2023-06-16
url,http://qweastradoc.com,Clop,CISA AA23-158A,2023-06-16
url,http://jirostrogud.com,Clop,CISA AA23-158A,2023-06-16
url,http://hiperfdhaus.com,Clop,CISA AA23-158A,2023-06-16
url,5.188.206.76:8000/se1.dll,Clop,CISA AA23-158A,2023-06-16
url,198.199.74.207:1234/update.jsp,Clop,CISA AA23-158A,2023-06-16
url,http://connectzoomdownload.com/download/ZoomInstaller.exe,Clop,CISA AA23-158A,2023-06-16
url,http://guerdofest.com/gate.php,Clop,CISA AA23-158A,2023-06-16
url,http://qweastradoc.com/gate.php,Clop,CISA AA23-158A,2023-06-16
domain,adobe-us-updatefiles.digital,LockBit 3.0,CISA AA23-325A,2023-11-21
filename,123.ps1,LockBit 3.0,CISA AA23-325A,2023-11-21
filename,Mag.dll,LockBit 3.0,CISA AA23-325A,2023-11-21
ip-dst,45.129.137.233,LockBit 3.0,CISA AA23-325A,2023-11-21
ip-dst,141.98.9.137,LockBit 3.0,CISA AA23-325A,2023-11-21
ip-dst,206.188.197.22,LockBit 3.0,CISA AA23-325A,2023-11-21
ip-dst,168.100.9.137,LockBit 3.0,CISA AA23-325A,2023-11-21
ip-dst,185.17.40.178,LockBit 3.0,CISA AA23-325A,2023-11-21
ip-dst,193.201.9.224,LockBit 3.0,CISA AA23-325A,2023-11-21
ip-dst,192.229.221.95,LockBit 3.0,CISA AA23-325A,2023-11-21
ip-dst,104.21.1.180,LockBit 3.0,CISA AA23-325A,2023-11-21
ip-dst,172.67.129.176,LockBit 3.0,CISA AA23-325A,2023-11-21
ip-dst,81.19.135.219,LockBit 3.0,CISA AA23-325A,2023-11-21
ip-dst,81.19.135.220,LockBit 3.0,CISA AA23-325A,2023-11-21
ip-dst,81.19.135.226,LockBit 3.0,CISA AA23-325A,2023-11-21
ip-dst,62.233.50.25,LockBit 3.0,CISA AA23-325A,2023-11-21
ip-dst,51.91.79.17,LockBit 3.0,CISA AA23-325A,2023-11-21
ip-dst,185.229.191.41,LockBit 3.0,CISA AA23-325A,2023-11-21
sha256,ed5d694d561c97b4d70efe934936286fe562addf7d6836f795b336d9791a5c44,LockBit 3.0,CISA AA23-325A,2023-11-21
sha256,cc21c77e1ee7e916c9c48194fad083b2d4b2023df703e544ffb2d6a0bfc90a63,LockBit 3.0,CISA AA23-325A,2023-11-21
